INSERT INTO action_types (id, name) VALUES ('inserción', 'Inserción') ON CONFLICT (id) DO NOTHING;
INSERT INTO action_types (id, name) VALUES ('actualización', 'Actualización') ON CONFLICT (id) DO NOTHING;
INSERT INTO action_types (id, name) VALUES ('eliminación', 'Eliminación') ON CONFLICT (id) DO NOTHING;

INSERT INTO genres (id, name) VALUES ('acción', 'Acción') ON CONFLICT (id) DO NOTHING;
INSERT INTO genres (id, name) VALUES ('aventura', 'Aventura') ON CONFLICT (id) DO NOTHING;
INSERT INTO genres (id, name) VALUES ('arcade', 'Arcade') ON CONFLICT (id) DO NOTHING;
INSERT INTO genres (id, name) VALUES ('juegos-de-mesa', 'Juegos de Mesa') ON CONFLICT (id) DO NOTHING;
INSERT INTO genres (id, name) VALUES ('cartas', 'Cartas') ON CONFLICT (id) DO NOTHING;
INSERT INTO genres (id, name) VALUES ('casual', 'Casual') ON CONFLICT (id) DO NOTHING;
INSERT INTO genres (id, name) VALUES ('educacional', 'Educacional') ON CONFLICT (id) DO NOTHING;
INSERT INTO genres (id, name) VALUES ('Familiar', 'Familiar') ON CONFLICT (id) DO NOTHING;
INSERT INTO genres (id, name) VALUES ('peleas', 'Peleas') ON CONFLICT (id) DO NOTHING;
INSERT INTO genres (id, name) VALUES ('indie', 'Indie') ON CONFLICT (id) DO NOTHING;
INSERT INTO genres (id, name) VALUES ('multijugador-masivo', 'Multijugador Masivo') ON CONFLICT (id) DO NOTHING;
INSERT INTO genres (id, name) VALUES ('plataformas', 'Plataformas') ON CONFLICT (id) DO NOTHING;
INSERT INTO genres (id, name) VALUES ('puzzle', 'Puzzle') ON CONFLICT (id) DO NOTHING;
INSERT INTO genres (id, name) VALUES ('carreras', 'Carreras') ON CONFLICT (id) DO NOTHING;
INSERT INTO genres (id, name) VALUES ('rpg', 'RPG') ON CONFLICT (id) DO NOTHING;
INSERT INTO genres (id, name) VALUES ('disparos', 'Disparos') ON CONFLICT (id) DO NOTHING;
INSERT INTO genres (id, name) VALUES ('simulación', 'Simulación') ON CONFLICT (id) DO NOTHING;
INSERT INTO genres (id, name) VALUES ('deportes', 'Deportes') ON CONFLICT (id) DO NOTHING;
INSERT INTO genres (id, name) VALUES ('estrategia', 'Estrategia') ON CONFLICT (id) DO NOTHING;

INSERT INTO platforms (id, name) VALUES ('pc', 'PC') ON CONFLICT (id) DO NOTHING;
INSERT INTO platforms (id, name) VALUES ('web', 'Web') ON CONFLICT (id) DO NOTHING;
INSERT INTO platforms (id, name) VALUES ('macos', 'macOS') ON CONFLICT (id) DO NOTHING;
INSERT INTO platforms (id, name) VALUES ('linux', 'Linux') ON CONFLICT (id) DO NOTHING;
INSERT INTO platforms (id, name) VALUES ('ios', 'iOS') ON CONFLICT (id) DO NOTHING;
INSERT INTO platforms (id, name) VALUES ('android', 'Android') ON CONFLICT (id) DO NOTHING;
INSERT INTO platforms (id, name) VALUES ('playstation-4', 'PlayStation 4') ON CONFLICT (id) DO NOTHING;
INSERT INTO platforms (id, name) VALUES ('xbox-one', 'Xbox One') ON CONFLICT (id) DO NOTHING;
INSERT INTO platforms (id, name) VALUES ('nintendo-switch', 'Nintendo Switch') ON CONFLICT (id) DO NOTHING;
INSERT INTO platforms (id, name) VALUES ('playstation-3', 'PlayStation 3') ON CONFLICT (id) DO NOTHING;
INSERT INTO platforms (id, name) VALUES ('xbox-360', 'Xbox 360') ON CONFLICT (id) DO NOTHING;
INSERT INTO platforms (id, name) VALUES ('nintendo-ds', 'Nintendo DS') ON CONFLICT (id) DO NOTHING;
INSERT INTO platforms (id, name) VALUES ('wii', 'Wii') ON CONFLICT (id) DO NOTHING;
INSERT INTO platforms (id, name) VALUES ('commodore-amiga', 'Commodore / Amiga') ON CONFLICT (id) DO NOTHING;
INSERT INTO platforms (id, name) VALUES ('playstation-2', 'PlayStation 2') ON CONFLICT (id) DO NOTHING;
INSERT INTO platforms (id, name) VALUES ('nintendo-3ds', 'Nintendo 3DS') ON CONFLICT (id) DO NOTHING;
INSERT INTO platforms (id, name) VALUES ('playstation', 'PlayStation') ON CONFLICT (id) DO NOTHING;
INSERT INTO platforms (id, name) VALUES ('ps-vita', 'PS Vita') ON CONFLICT (id) DO NOTHING;
INSERT INTO platforms (id, name) VALUES ('psp', 'PSP') ON CONFLICT (id) DO NOTHING;
INSERT INTO platforms (id, name) VALUES ('playstation-5', 'PlayStation 5') ON CONFLICT (id) DO NOTHING;
INSERT INTO platforms (id, name) VALUES ('wii-u', 'Wii U') ON CONFLICT (id) DO NOTHING;
INSERT INTO platforms (id, name) VALUES ('xbox-series-s-x', 'Xbox Series S/X') ON CONFLICT (id) DO NOTHING;
INSERT INTO platforms (id, name) VALUES ('nes', 'NES') ON CONFLICT (id) DO NOTHING;
INSERT INTO platforms (id, name) VALUES ('snes', 'SNES') ON CONFLICT (id) DO NOTHING;
INSERT INTO platforms (id, name) VALUES ('game-boy-advance', 'Game Boy Advance') ON CONFLICT (id) DO NOTHING;
INSERT INTO platforms (id, name) VALUES ('genesis', 'Genesis') ON CONFLICT (id) DO NOTHING;
INSERT INTO platforms (id, name) VALUES ('atari-st', 'Atari ST') ON CONFLICT (id) DO NOTHING;
INSERT INTO platforms (id, name) VALUES ('xbox', 'Xbox') ON CONFLICT (id) DO NOTHING;
INSERT INTO platforms (id, name) VALUES ('classic-macintosh', 'Classic Macintosh') ON CONFLICT (id) DO NOTHING;
INSERT INTO platforms (id, name) VALUES ('gamecube', 'GameCube') ON CONFLICT (id) DO NOTHING;
INSERT INTO platforms (id, name) VALUES ('game-boy', 'Game Boy') ON CONFLICT (id) DO NOTHING;
INSERT INTO platforms (id, name) VALUES ('apple-ii', 'Apple II') ON CONFLICT (id) DO NOTHING;
INSERT INTO platforms (id, name) VALUES ('game-boy-color', 'Game Boy Color') ON CONFLICT (id) DO NOTHING;
INSERT INTO platforms (id, name) VALUES ('sega-saturn', 'SEGA Saturn') ON CONFLICT (id) DO NOTHING;
INSERT INTO platforms (id, name) VALUES ('dreamcast', 'Dreamcast') ON CONFLICT (id) DO NOTHING;
INSERT INTO platforms (id, name) VALUES ('nintendo-64', 'Nintendo 64') ON CONFLICT (id) DO NOTHING;
INSERT INTO platforms (id, name) VALUES ('atari-8-bit', 'Atari 8-bit') ON CONFLICT (id) DO NOTHING;
INSERT INTO platforms (id, name) VALUES ('atari-2600', 'Atari 2600') ON CONFLICT (id) DO NOTHING;
INSERT INTO platforms (id, name) VALUES ('sega-master-system', 'SEGA Master System') ON CONFLICT (id) DO NOTHING;
INSERT INTO platforms (id, name) VALUES ('game-gear', 'Game Gear') ON CONFLICT (id) DO NOTHING;
INSERT INTO platforms (id, name) VALUES ('sega-cd', 'SEGA CD') ON CONFLICT (id) DO NOTHING;
INSERT INTO platforms (id, name) VALUES ('neo-geo', 'Neo Geo') ON CONFLICT (id) DO NOTHING;
INSERT INTO platforms (id, name) VALUES ('3do', '3DO') ON CONFLICT (id) DO NOTHING;
INSERT INTO platforms (id, name) VALUES ('atari-5200', 'Atari 5200') ON CONFLICT (id) DO NOTHING;
INSERT INTO platforms (id, name) VALUES ('atari-7800', 'Atari 7800') ON CONFLICT (id) DO NOTHING;
INSERT INTO platforms (id, name) VALUES ('atari-lynx', 'Atari Lynx') ON CONFLICT (id) DO NOTHING;
INSERT INTO platforms (id, name) VALUES ('sega-32x', 'SEGA 32X') ON CONFLICT (id) DO NOTHING;
INSERT INTO platforms (id, name) VALUES ('jaguar', 'Jaguar') ON CONFLICT (id) DO NOTHING;
INSERT INTO platforms (id, name) VALUES ('nintendo-dsi', 'Nintendo DSi') ON CONFLICT (id) DO NOTHING;
INSERT INTO platforms (id, name) VALUES ('atari-flashback', 'Atari Flashback') ON CONFLICT (id) DO NOTHING;
INSERT INTO platforms (id, name) VALUES ('atari-xegs', 'Atari XEGS') ON CONFLICT (id) DO NOTHING;

INSERT INTO privileges (id, name, description, enabled) VALUES ('agregar-tipos-de-acción', 'Agregar Tipos De Acción', 'Permite agregar los Tipos de Acción', true) ON CONFLICT (id) DO NOTHING;
INSERT INTO privileges (id, name, description, enabled) VALUES ('ver-tipos-de-acción', 'Ver Tipos De Acción', 'Permite ver los Tipos de Acción', true) ON CONFLICT (id) DO NOTHING;
INSERT INTO privileges (id, name, description, enabled) VALUES ('agregar-privilegios', 'Agregar Privilegios', 'Permite agregar privilegios', true) ON CONFLICT (id) DO NOTHING;
INSERT INTO privileges (id, name, description, enabled) VALUES ('actualizar-privilegios', 'Actualizar Privilegios', 'Permite actualizar privilegios', true) ON CONFLICT (id) DO NOTHING;
INSERT INTO privileges (id, name, description, enabled) VALUES ('ver-privilegios', 'Ver Privilegios', 'Permite ver privilegios', true) ON CONFLICT (id) DO NOTHING;
INSERT INTO privileges (id, name, description, enabled) VALUES ('agregar-plataformas', 'Agregar Plataformas', 'Permite agregar plataformas', true) ON CONFLICT (id) DO NOTHING;
INSERT INTO privileges (id, name, description, enabled) VALUES ('agregar-géneros', 'Agregar Géneros', 'Permite agregar géneros', true) ON CONFLICT (id) DO NOTHING;
INSERT INTO privileges (id, name, description, enabled) VALUES ('agregar-juegos', 'Agregar Juegos', 'Permite agregar juegos', true) ON CONFLICT (id) DO NOTHING;
INSERT INTO privileges (id, name, description, enabled) VALUES ('agregar-roles', 'Agregar Roles', 'Permite agregar roles', true) ON CONFLICT (id) DO NOTHING;
INSERT INTO privileges (id, name, description, enabled) VALUES ('ver-roles', 'Ver Roles', 'Permite ver roles', true) ON CONFLICT (id) DO NOTHING;
INSERT INTO privileges (id, name, description, enabled) VALUES ('actualizar-roles', 'Actualizar Roles', 'Permite actualizar roles', true) ON CONFLICT (id) DO NOTHING;
INSERT INTO privileges (id, name, description, enabled) VALUES ('ver-usuarios', 'Ver Usuarios', 'Permite ver usuarios', true) ON CONFLICT (id) DO NOTHING;
INSERT INTO privileges (id, name, description, enabled) VALUES ('ver-usuario-específico', 'Ver Usuario Específico', 'Permite ver un usuario específico', true) ON CONFLICT (id) DO NOTHING;
INSERT INTO privileges (id, name, description, enabled) VALUES ('actualizar-usuario-específico', 'Actualizar Usuario Específico', 'Permite actualizar un usuario específico', true) ON CONFLICT (id) DO NOTHING;
INSERT INTO privileges (id, name, description, enabled) VALUES ('actualizar-rol-de-usuario', 'Actualizar Rol De Usuario', 'Permite actualizar el rol de un usuario', true) ON CONFLICT (id) DO NOTHING;
INSERT INTO privileges (id, name, description, enabled) VALUES ('ver-registros-de-juegos', 'Ver Registros De Juegos', 'Permite ver registros de juegos', true) ON CONFLICT (id) DO NOTHING;
INSERT INTO privileges (id, name, description, enabled) VALUES ('ver-registros-de-juegos-de-usuario', 'Ver Registros De Juegos De Usuario', 'Permite ver registros de juegos de usuario', true) ON CONFLICT (id) DO NOTHING;
INSERT INTO privileges (id, name, description, enabled) VALUES ('ver-registro-de-juego-específico', 'Ver Registro De Juego Específico', 'Permite ver un registro de juego específico', true) ON CONFLICT (id) DO NOTHING;
INSERT INTO privileges (id, name, description, enabled) VALUES ('agregar-registros-de-juegos', 'Agregar Registros De Juegos', 'Permite agregar registros de juegos', true) ON CONFLICT (id) DO NOTHING;
INSERT INTO privileges (id, name, description, enabled) VALUES ('actualizar-registros-de-juegos', 'Actualizar Registros De Juegos', 'Permite actualizar registros de juegos', true) ON CONFLICT (id) DO NOTHING;
INSERT INTO privileges (id, name, description, enabled) VALUES ('eliminar-registros-de-juegos', 'Eliminar Registros De Juegos', 'Permite eliminar registros de juegos', true) ON CONFLICT (id) DO NOTHING;
INSERT INTO privileges (id, name, description, enabled) VALUES ('ver-registros-del-sistema', 'Ver Registros Del Sistema', 'Permite ver registros del sistema', true) ON CONFLICT (id) DO NOTHING;

INSERT INTO roles (id, name) VALUES (1, 'Administrador') ON CONFLICT (id) DO NOTHING;
INSERT INTO roles (id, name) VALUES (2, 'Gamer') ON CONFLICT (id) DO NOTHING;

INSERT INTO role_privilege (role_id, privilege_id) VALUES (1, 'agregar-tipos-de-acción') ON CONFLICT (role_id, privilege_id) DO NOTHING;
INSERT INTO role_privilege (role_id, privilege_id) VALUES (1, 'ver-tipos-de-acción') ON CONFLICT (role_id, privilege_id) DO NOTHING;
INSERT INTO role_privilege (role_id, privilege_id) VALUES (1, 'agregar-privilegios') ON CONFLICT (role_id, privilege_id) DO NOTHING;
INSERT INTO role_privilege (role_id, privilege_id) VALUES (1, 'actualizar-privilegios') ON CONFLICT (role_id, privilege_id) DO NOTHING;
INSERT INTO role_privilege (role_id, privilege_id) VALUES (1, 'ver-privilegios') ON CONFLICT (role_id, privilege_id) DO NOTHING;
INSERT INTO role_privilege (role_id, privilege_id) VALUES (1, 'agregar-plataformas') ON CONFLICT (role_id, privilege_id) DO NOTHING;
INSERT INTO role_privilege (role_id, privilege_id) VALUES (1, 'agregar-géneros') ON CONFLICT (role_id, privilege_id) DO NOTHING;
INSERT INTO role_privilege (role_id, privilege_id) VALUES (1, 'agregar-juegos') ON CONFLICT (role_id, privilege_id) DO NOTHING;
INSERT INTO role_privilege (role_id, privilege_id) VALUES (1, 'agregar-roles') ON CONFLICT (role_id, privilege_id) DO NOTHING;
INSERT INTO role_privilege (role_id, privilege_id) VALUES (1, 'ver-roles') ON CONFLICT (role_id, privilege_id) DO NOTHING;
INSERT INTO role_privilege (role_id, privilege_id) VALUES (1, 'actualizar-roles') ON CONFLICT (role_id, privilege_id) DO NOTHING;
INSERT INTO role_privilege (role_id, privilege_id) VALUES (1, 'ver-usuarios') ON CONFLICT (role_id, privilege_id) DO NOTHING;
INSERT INTO role_privilege (role_id, privilege_id) VALUES (1, 'ver-usuario-específico') ON CONFLICT (role_id, privilege_id) DO NOTHING;
INSERT INTO role_privilege (role_id, privilege_id) VALUES (1, 'actualizar-usuario-específico') ON CONFLICT (role_id, privilege_id) DO NOTHING;
INSERT INTO role_privilege (role_id, privilege_id) VALUES (1, 'actualizar-rol-de-usuario') ON CONFLICT (role_id, privilege_id) DO NOTHING;
INSERT INTO role_privilege (role_id, privilege_id) VALUES (1, 'ver-registros-de-juegos') ON CONFLICT (role_id, privilege_id) DO NOTHING;
INSERT INTO role_privilege (role_id, privilege_id) VALUES (1, 'ver-registros-de-juegos-de-usuario') ON CONFLICT (role_id, privilege_id) DO NOTHING;
INSERT INTO role_privilege (role_id, privilege_id) VALUES (1, 'ver-registro-de-juego-específico') ON CONFLICT (role_id, privilege_id) DO NOTHING;
INSERT INTO role_privilege (role_id, privilege_id) VALUES (1, 'agregar-registros-de-juegos') ON CONFLICT (role_id, privilege_id) DO NOTHING;
INSERT INTO role_privilege (role_id, privilege_id) VALUES (1, 'actualizar-registros-de-juegos') ON CONFLICT (role_id, privilege_id) DO NOTHING;
INSERT INTO role_privilege (role_id, privilege_id) VALUES (1, 'eliminar-registros-de-juegos') ON CONFLICT (role_id, privilege_id) DO NOTHING;
INSERT INTO role_privilege (role_id, privilege_id) VALUES (1, 'ver-registros-del-sistema') ON CONFLICT (role_id, privilege_id) DO NOTHING;

INSERT INTO role_privilege (role_id, privilege_id) VALUES (2, 'ver-usuario-específico') ON CONFLICT (role_id, privilege_id) DO NOTHING;
INSERT INTO role_privilege (role_id, privilege_id) VALUES (2, 'actualizar-usuario-específico') ON CONFLICT (role_id, privilege_id) DO NOTHING;
INSERT INTO role_privilege (role_id, privilege_id) VALUES (2, 'ver-registros-de-juegos-de-usuario') ON CONFLICT (role_id, privilege_id) DO NOTHING;
INSERT INTO role_privilege (role_id, privilege_id) VALUES (2, 'ver-registro-de-juego-específico') ON CONFLICT (role_id, privilege_id) DO NOTHING;
INSERT INTO role_privilege (role_id, privilege_id) VALUES (2, 'agregar-registros-de-juegos') ON CONFLICT (role_id, privilege_id) DO NOTHING;
INSERT INTO role_privilege (role_id, privilege_id) VALUES (2, 'actualizar-registros-de-juegos') ON CONFLICT (role_id, privilege_id) DO NOTHING;
INSERT INTO role_privilege (role_id, privilege_id) VALUES (2, 'eliminar-registros-de-juegos') ON CONFLICT (role_id, privilege_id) DO NOTHING;

INSERT INTO users (id, email, name, password, created_date, enabled, image, role_id) VALUES
(1, 'super-user@trofiz.cr', 'super-user', '$2a$06$hZZgwy9Z0qmyj4Sn4YEil.n6wdJocvFN9JzNd6v0JsfuqpzvAssAG', NOW(),
true, false, 1) ON CONFLICT (id) DO NOTHING;
SELECT setval('users_id_seq', 2, false);

